{
    "connectivity": [
        [
            1.0,
            0.0,
            1.0,
            1.0,
            0.0,
            0.0,
            0.0,
            0.0,
            1.0,
            0.0
        ],
        [
            0.0,
            1.0,
            0.0,
            1.0,
            0.0,
            1.0,
            1.0,
            0.0,
            1.0,
            0.0
        ],
        [
            0.0,
            0.0,
            1.0,
            0.0,
            1.0,
            0.0,
            0.0,
            0.0,
            1.0,
            0.0
        ],
        [
            0.0,
            1.0,
            0.0,
            1.0,
            1.0,
            0.0,
            0.0,
            1.0,
            0.0,
            1.0
        ],
        [
            0.0,
            0.0,
            0.0,
            0.0,
            1.0,
            0.0,
            1.0,
            0.0,
            0.0,
            1.0
        ],
        [
            0.0,
            0.0,
            0.0,
            0.0,
            0.0,
            1.0,
            1.0,
            0.0,
            1.0,
            0.0
        ],
        [
            0.0,
            0.0,
            0.0,
            0.0,
            0.0,
            0.0,
            1.0,
            0.0,
            0.0,
            1.0
        ],
        [
            0.0,
            0.0,
            1.0,
            1.0,
            0.0,
            1.0,
            0.0,
            1.0,
            0.0,
            0.0
        ],
        [
            0.0,
            1.0,
            0.0,
            0.0,
            1.0,
            0.0,
            0.0,
            0.0,
            1.0,
            0.0
        ],
        [
            0.0,
            0.0,
            1.0,
            0.0,
            0.0,
            0.0,
            1.0,
            0.0,
            0.0,
            1.0
        ]
    ],
    "experiment id": 4,
    "num_agents": 10,
    "pi": [
        [
            0.9990001074992224,
            0.0,
            0.00013897377237072383,
            0.0007049453458326665,
            0.0,
            0.0,
            0.0,
            0.0,
            0.00015597338257407513,
            0.0
        ],
        [
            0.0,
            0.23902961772322864,
            0.0,
            0.42530484405176594,
            0.0,
            0.21452649509671873,
            0.027037797486983053,
            0.0,
            0.09410124564130357,
            0.0
        ],
        [
            0.0,
            0.0,
            0.3463002020374523,
            0.0,
            0.2650393120560319,
            0.0,
            0.0,
            0.0,
            0.3886604859065159,
            0.0
        ],
        [
            0.0,
            0.15944833800672165,
            0.0,
            0.28370605775215574,
            0.042805892698236564,
            0.0,
            0.0,
            0.4942299373266448,
            0.0,
            0.01980977421624115
        ],
        [
            0.0,
            0.0,
            0.0,
            0.0,
            0.5307504277667505,
            0.0,
            0.2236281057367482,
            0.0,
            0.0,
            0.24562146649650116
        ],
        [
            0.0,
            0.0,
            0.0,
            0.0,
            0.0,
            0.6391078936227168,
            0.08054981643322262,
            0.0,
            0.28034228994406046,
            0.0
        ],
        [
            0.0,
            0.0,
            0.0,
            0.0,
            0.0,
            0.0,
            0.4765653907204622,
            0.0,
            0.0,
            0.5234346092795379
        ],
        [
            0.0,
            0.0,
            0.057248628712371394,
            0.29039403390758217,
            0.0,
            0.14647661592024755,
            0.0,
            0.5058807214597988,
            0.0,
            0.0
        ],
        [
            0.0,
            0.6016330489051531,
            0.0,
            0.0,
            0.16151588694553368,
            0.0,
            0.0,
            0.0,
            0.23685106414931312,
            0.0
        ],
        [
            0.0,
            0.0,
            0.5964235218459435,
            0.0,
            0.0,
            0.0,
            0.19233058199707595,
            0.0,
            0.0,
            0.21124589615698047
        ]
    ]
}