{
    "connectivity": [
        [
            1.0,
            0.0,
            0.0,
            1.0,
            0.0,
            1.0,
            0.0,
            0.0,
            1.0,
            1.0
        ],
        [
            0.0,
            1.0,
            0.0,
            1.0,
            0.0,
            1.0,
            0.0,
            0.0,
            0.0,
            1.0
        ],
        [
            0.0,
            0.0,
            1.0,
            0.0,
            1.0,
            0.0,
            0.0,
            1.0,
            0.0,
            1.0
        ],
        [
            0.0,
            0.0,
            0.0,
            1.0,
            1.0,
            0.0,
            1.0,
            0.0,
            0.0,
            0.0
        ],
        [
            1.0,
            0.0,
            1.0,
            0.0,
            1.0,
            1.0,
            0.0,
            0.0,
            0.0,
            0.0
        ],
        [
            1.0,
            0.0,
            0.0,
            0.0,
            0.0,
            1.0,
            1.0,
            1.0,
            0.0,
            1.0
        ],
        [
            0.0,
            0.0,
            0.0,
            0.0,
            0.0,
            0.0,
            1.0,
            1.0,
            1.0,
            0.0
        ],
        [
            1.0,
            0.0,
            1.0,
            1.0,
            0.0,
            0.0,
            0.0,
            1.0,
            0.0,
            0.0
        ],
        [
            1.0,
            0.0,
            0.0,
            0.0,
            1.0,
            1.0,
            1.0,
            0.0,
            1.0,
            0.0
        ],
        [
            0.0,
            1.0,
            0.0,
            0.0,
            1.0,
            0.0,
            0.0,
            0.0,
            0.0,
            1.0
        ]
    ],
    "experiment id": 5,
    "num_agents": 10,
    "pi": [
        [
            0.1759523505482303,
            0.0,
            0.0,
            0.19192447389622713,
            0.0,
            0.18141846903852696,
            0.0,
            0.0,
            0.27910406083801764,
            0.1716006456789979
        ],
        [
            0.0,
            0.4315263340772039,
            0.0,
            0.20021156599646414,
            0.0,
            0.1892519231628778,
            0.0,
            0.0,
            0.0,
            0.1790101767634541
        ],
        [
            0.0,
            0.0,
            0.33948354952789805,
            0.0,
            0.1860514675080255,
            0.0,
            0.0,
            0.25157023291230945,
            0.0,
            0.22289475005176695
        ],
        [
            0.0,
            0.0,
            0.0,
            0.37465015150844466,
            0.27960680173445907,
            0.0,
            0.3457430467570963,
            0.0,
            0.0,
            0.0
        ],
        [
            0.2309188909600515,
            0.0,
            0.34300638357717955,
            0.0,
            0.18798213085111687,
            0.23809259461165203,
            0.0,
            0.0,
            0.0,
            0.0
        ],
        [
            0.19555375262530575,
            0.0,
            0.0,
            0.0,
            0.0,
            0.20162880635287206,
            0.19684708249050759,
            0.21525309837027373,
            0.0,
            0.19071726016104087
        ],
        [
            0.0,
            0.0,
            0.0,
            0.0,
            0.0,
            0.0,
            0.2725293094266362,
            0.2980119263572187,
            0.4294587642161452,
            0.0
        ],
        [
            0.2138164252297199,
            0.0,
            0.3176024207570543,
            0.23322567044273404,
            0.0,
            0.0,
            0.0,
            0.23535548357049182,
            0.0,
            0.0
        ],
        [
            0.18389151331354556,
            0.0,
            0.0,
            0.0,
            0.1496989630185651,
            0.18960426905679023,
            0.18510771286447553,
            0.0,
            0.29169754174662355,
            0.0
        ],
        [
            0.0,
            0.567829722345502,
            0.0,
            0.0,
            0.19661733234936682,
            0.0,
            0.0,
            0.0,
            0.0,
            0.23555294530513113
        ]
    ]
}