{
    "connectivity": [
        [
            1.0,
            0.0,
            0.0,
            0.0,
            0.0,
            1.0,
            1.0,
            1.0,
            0.0,
            1.0
        ],
        [
            0.0,
            1.0,
            0.0,
            0.0,
            1.0,
            1.0,
            0.0,
            1.0,
            0.0,
            0.0
        ],
        [
            0.0,
            0.0,
            1.0,
            0.0,
            0.0,
            0.0,
            0.0,
            1.0,
            0.0,
            0.0
        ],
        [
            0.0,
            0.0,
            0.0,
            1.0,
            0.0,
            1.0,
            0.0,
            0.0,
            0.0,
            1.0
        ],
        [
            0.0,
            1.0,
            0.0,
            0.0,
            1.0,
            0.0,
            0.0,
            0.0,
            0.0,
            0.0
        ],
        [
            1.0,
            0.0,
            0.0,
            0.0,
            0.0,
            1.0,
            1.0,
            0.0,
            0.0,
            0.0
        ],
        [
            0.0,
            0.0,
            0.0,
            0.0,
            1.0,
            0.0,
            1.0,
            1.0,
            0.0,
            0.0
        ],
        [
            0.0,
            0.0,
            1.0,
            0.0,
            0.0,
            0.0,
            1.0,
            1.0,
            0.0,
            1.0
        ],
        [
            0.0,
            0.0,
            1.0,
            0.0,
            0.0,
            0.0,
            0.0,
            1.0,
            1.0,
            0.0
        ],
        [
            0.0,
            0.0,
            1.0,
            0.0,
            0.0,
            0.0,
            1.0,
            0.0,
            0.0,
            1.0
        ]
    ],
    "experiment id": 8,
    "num_agents": 10,
    "pi": [
        [
            0.4445254717740565,
            0.0,
            0.0,
            0.0,
            0.0,
            0.2728462764131229,
            0.08253321528482627,
            0.06126821846813663,
            0.0,
            0.13882681805985778
        ],
        [
            0.0,
            0.34553425379460073,
            0.0,
            0.0,
            0.18222871372862784,
            0.3856406048515231,
            0.0,
            0.08659642762524822,
            0.0,
            0.0
        ],
        [
            0.0,
            0.0,
            0.5448310157332239,
            0.0,
            0.0,
            0.0,
            0.0,
            0.45516898426677616,
            0.0,
            0.0
        ],
        [
            0.0,
            0.0,
            0.0,
            0.9990005928313823,
            0.0,
            0.0006623812151896636,
            0.0,
            0.0,
            0.0,
            0.0003370259534279654
        ],
        [
            0.0,
            0.6547148531777055,
            0.0,
            0.0,
            0.34528514682229455,
            0.0,
            0.0,
            0.0,
            0.0,
            0.0
        ],
        [
            0.5557228571811625,
            0.0,
            0.0,
            0.0,
            0.0,
            0.3410983665219771,
            0.10317877629686027,
            0.0,
            0.0,
            0.0
        ],
        [
            0.0,
            0.0,
            0.0,
            0.0,
            0.47273503196163974,
            0.0,
            0.30261779721901,
            0.22464717081935026,
            0.0,
            0.0
        ],
        [
            0.0,
            0.0,
            0.20602339807231101,
            0.0,
            0.0,
            0.0,
            0.23185736527646097,
            0.1721184332899296,
            0.0,
            0.3900008033612984
        ],
        [
            0.0,
            0.0,
            0.0005364553324287976,
            0.0,
            0.0,
            0.0,
            0.0,
            0.00044817167473019384,
            0.999015372992841,
            0.0
        ],
        [
            0.0,
            0.0,
            0.2488561243017285,
            0.0,
            0.0,
            0.0,
            0.2800610311905386,
            0.0,
            0.0,
            0.4710828445077329
        ]
    ]
}