{
    "connectivity": [
        [
            1.0,
            0.0,
            0.0,
            1.0,
            1.0,
            0.0,
            0.0,
            0.0,
            0.0,
            0.0
        ],
        [
            1.0,
            1.0,
            0.0,
            1.0,
            1.0,
            1.0,
            0.0,
            0.0,
            0.0,
            0.0
        ],
        [
            0.0,
            1.0,
            1.0,
            1.0,
            1.0,
            0.0,
            1.0,
            1.0,
            0.0,
            0.0
        ],
        [
            0.0,
            1.0,
            0.0,
            1.0,
            1.0,
            0.0,
            0.0,
            0.0,
            1.0,
            1.0
        ],
        [
            0.0,
            0.0,
            1.0,
            1.0,
            1.0,
            0.0,
            0.0,
            0.0,
            0.0,
            0.0
        ],
        [
            0.0,
            1.0,
            1.0,
            0.0,
            0.0,
            1.0,
            1.0,
            0.0,
            0.0,
            0.0
        ],
        [
            0.0,
            1.0,
            0.0,
            1.0,
            1.0,
            0.0,
            1.0,
            0.0,
            0.0,
            0.0
        ],
        [
            0.0,
            0.0,
            0.0,
            1.0,
            0.0,
            0.0,
            1.0,
            1.0,
            0.0,
            0.0
        ],
        [
            0.0,
            0.0,
            1.0,
            0.0,
            0.0,
            0.0,
            1.0,
            0.0,
            1.0,
            0.0
        ],
        [
            0.0,
            1.0,
            0.0,
            1.0,
            0.0,
            0.0,
            0.0,
            0.0,
            1.0,
            1.0
        ]
    ],
    "experiment id": 9,
    "num_agents": 10,
    "pi": [
        [
            0.6860688918373443,
            0.0,
            0.0,
            0.13743890159358685,
            0.1764922065690689,
            0.0,
            0.0,
            0.0,
            0.0,
            0.0
        ],
        [
            0.31385936351413607,
            0.11311959825547145,
            0.0,
            0.06287486094978359,
            0.08074077148524368,
            0.42940540579536524,
            0.0,
            0.0,
            0.0,
            0.0
        ],
        [
            0.0,
            0.15248245863042245,
            0.15035986613362898,
            0.08475377858058486,
            0.10883659010158807,
            0.0,
            0.13281043370666257,
            0.37075687284711306,
            0.0,
            0.0
        ],
        [
            0.0,
            0.12651847623018514,
            0.0,
            0.07032231128142842,
            0.09030441705505718,
            0.0,
            0.0,
            0.0,
            0.23691811678081212,
            0.47593667865251715
        ],
        [
            0.0,
            0.0,
            0.4371558758032314,
            0.24641291094327541,
            0.31643121325349316,
            0.0,
            0.0,
            0.0,
            0.0,
            0.0
        ],
        [
            0.0,
            0.150305913399505,
            0.14821361893579396,
            0.0,
            0.0,
            0.5705657793355506,
            0.13091468832915037,
            0.0,
            0.0,
            0.0
        ],
        [
            0.0,
            0.31841258829109603,
            0.0,
            0.17698212796203072,
            0.22727165253164128,
            0.0,
            0.27733363121523197,
            0.0,
            0.0,
            0.0
        ],
        [
            0.0,
            0.0,
            0.0,
            0.14406041313516552,
            0.0,
            0.0,
            0.22574481361029475,
            0.6301947732545397,
            0.0,
            0.0
        ],
        [
            0.0,
            0.0,
            0.26438829088278504,
            0.0,
            0.0,
            0.0,
            0.23352989386076983,
            0.0,
            0.5020818152564452,
            0.0
        ],
        [
            0.0,
            0.13907781746131923,
            0.0,
            0.0773031249132541,
            0.0,
            0.0,
            0.0,
            0.0,
            0.2604367012686166,
            0.5231823563568101
        ]
    ]
}