{
    "connectivity": [
        [
            1.0,
            1.0,
            1.0,
            1.0,
            1.0,
            1.0,
            1.0,
            1.0,
            1.0,
            1.0,
            1.0
        ],
        [
            1.0,
            1.0,
            1.0,
            1.0,
            1.0,
            1.0,
            1.0,
            1.0,
            1.0,
            1.0,
            1.0
        ],
        [
            1.0,
            1.0,
            1.0,
            1.0,
            1.0,
            1.0,
            1.0,
            1.0,
            1.0,
            1.0,
            1.0
        ],
        [
            1.0,
            1.0,
            1.0,
            1.0,
            1.0,
            1.0,
            1.0,
            1.0,
            1.0,
            1.0,
            1.0
        ],
        [
            1.0,
            1.0,
            1.0,
            1.0,
            1.0,
            1.0,
            1.0,
            1.0,
            1.0,
            1.0,
            1.0
        ],
        [
            1.0,
            1.0,
            1.0,
            1.0,
            1.0,
            1.0,
            1.0,
            1.0,
            1.0,
            1.0,
            1.0
        ],
        [
            1.0,
            1.0,
            1.0,
            1.0,
            1.0,
            1.0,
            1.0,
            1.0,
            1.0,
            1.0,
            1.0
        ],
        [
            1.0,
            1.0,
            1.0,
            1.0,
            1.0,
            1.0,
            1.0,
            1.0,
            1.0,
            1.0,
            1.0
        ],
        [
            1.0,
            1.0,
            1.0,
            1.0,
            1.0,
            1.0,
            1.0,
            1.0,
            1.0,
            1.0,
            1.0
        ],
        [
            1.0,
            1.0,
            1.0,
            1.0,
            1.0,
            1.0,
            1.0,
            1.0,
            1.0,
            1.0,
            1.0
        ],
        [
            1.0,
            1.0,
            1.0,
            1.0,
            1.0,
            1.0,
            1.0,
            1.0,
            1.0,
            1.0,
            1.0
        ]
    ],
    "experiment id": 2,
    "num_agents": 11,
    "pi": [
        [
            0.09090909090909091,
            0.09090909090909091,
            0.09090909090909091,
            0.09090909090909091,
            0.09090909090909091,
            0.09090909090909091,
            0.09090909090909091,
            0.09090909090909091,
            0.09090909090909091,
            0.09090909090909091,
            0.09090909090909091
        ],
        [
            0.09090909090909091,
            0.09090909090909091,
            0.09090909090909091,
            0.09090909090909091,
            0.09090909090909091,
            0.09090909090909091,
            0.09090909090909091,
            0.09090909090909091,
            0.09090909090909091,
            0.09090909090909091,
            0.09090909090909091
        ],
        [
            0.09090909090909091,
            0.09090909090909091,
            0.09090909090909091,
            0.09090909090909091,
            0.09090909090909091,
            0.09090909090909091,
            0.09090909090909091,
            0.09090909090909091,
            0.09090909090909091,
            0.09090909090909091,
            0.09090909090909091
        ],
        [
            0.09090909090909091,
            0.09090909090909091,
            0.09090909090909091,
            0.09090909090909091,
            0.09090909090909091,
            0.09090909090909091,
            0.09090909090909091,
            0.09090909090909091,
            0.09090909090909091,
            0.09090909090909091,
            0.09090909090909091
        ],
        [
            0.09090909090909091,
            0.09090909090909091,
            0.09090909090909091,
            0.09090909090909091,
            0.09090909090909091,
            0.09090909090909091,
            0.09090909090909091,
            0.09090909090909091,
            0.09090909090909091,
            0.09090909090909091,
            0.09090909090909091
        ],
        [
            0.09090909090909091,
            0.09090909090909091,
            0.09090909090909091,
            0.09090909090909091,
            0.09090909090909091,
            0.09090909090909091,
            0.09090909090909091,
            0.09090909090909091,
            0.09090909090909091,
            0.09090909090909091,
            0.09090909090909091
        ],
        [
            0.09090909090909091,
            0.09090909090909091,
            0.09090909090909091,
            0.09090909090909091,
            0.09090909090909091,
            0.09090909090909091,
            0.09090909090909091,
            0.09090909090909091,
            0.09090909090909091,
            0.09090909090909091,
            0.09090909090909091
        ],
        [
            0.09090909090909091,
            0.09090909090909091,
            0.09090909090909091,
            0.09090909090909091,
            0.09090909090909091,
            0.09090909090909091,
            0.09090909090909091,
            0.09090909090909091,
            0.09090909090909091,
            0.09090909090909091,
            0.09090909090909091
        ],
        [
            0.09090909090909091,
            0.09090909090909091,
            0.09090909090909091,
            0.09090909090909091,
            0.09090909090909091,
            0.09090909090909091,
            0.09090909090909091,
            0.09090909090909091,
            0.09090909090909091,
            0.09090909090909091,
            0.09090909090909091
        ],
        [
            0.09090909090909091,
            0.09090909090909091,
            0.09090909090909091,
            0.09090909090909091,
            0.09090909090909091,
            0.09090909090909091,
            0.09090909090909091,
            0.09090909090909091,
            0.09090909090909091,
            0.09090909090909091,
            0.09090909090909091
        ],
        [
            0.09090909090909091,
            0.09090909090909091,
            0.09090909090909091,
            0.09090909090909091,
            0.09090909090909091,
            0.09090909090909091,
            0.09090909090909091,
            0.09090909090909091,
            0.09090909090909091,
            0.09090909090909091,
            0.09090909090909091
        ]
    ]
}