{
    "connectivity": [
        [
            1.0,
            0.0,
            1.0,
            0.0,
            0.0,
            0.0,
            1.0,
            0.0,
            0.0,
            0.0,
            1.0
        ],
        [
            0.0,
            1.0,
            0.0,
            1.0,
            0.0,
            0.0,
            0.0,
            0.0,
            1.0,
            0.0,
            1.0
        ],
        [
            1.0,
            0.0,
            1.0,
            1.0,
            0.0,
            0.0,
            0.0,
            1.0,
            0.0,
            0.0,
            1.0
        ],
        [
            0.0,
            0.0,
            1.0,
            1.0,
            0.0,
            0.0,
            0.0,
            0.0,
            1.0,
            0.0,
            0.0
        ],
        [
            0.0,
            0.0,
            0.0,
            0.0,
            1.0,
            1.0,
            0.0,
            1.0,
            0.0,
            0.0,
            0.0
        ],
        [
            0.0,
            1.0,
            1.0,
            0.0,
            0.0,
            1.0,
            0.0,
            1.0,
            0.0,
            0.0,
            0.0
        ],
        [
            1.0,
            0.0,
            1.0,
            0.0,
            0.0,
            0.0,
            1.0,
            0.0,
            1.0,
            0.0,
            0.0
        ],
        [
            1.0,
            0.0,
            0.0,
            0.0,
            1.0,
            0.0,
            0.0,
            1.0,
            1.0,
            0.0,
            0.0
        ],
        [
            0.0,
            1.0,
            0.0,
            0.0,
            1.0,
            0.0,
            0.0,
            0.0,
            1.0,
            1.0,
            0.0
        ],
        [
            1.0,
            0.0,
            1.0,
            0.0,
            0.0,
            1.0,
            0.0,
            0.0,
            0.0,
            1.0,
            0.0
        ],
        [
            1.0,
            0.0,
            1.0,
            0.0,
            0.0,
            1.0,
            0.0,
            0.0,
            0.0,
            1.0,
            1.0
        ]
    ],
    "experiment id": 6,
    "num_agents": 11,
    "pi": [
        [
            0.15195731446717792,
            0.0,
            0.11992673678866575,
            0.0,
            0.0,
            0.0,
            0.47635512478333153,
            0.0,
            0.0,
            0.0,
            0.25176082396082483
        ],
        [
            0.0,
            0.32359128370915413,
            0.0,
            0.25990398419426186,
            0.0,
            0.0,
            0.0,
            0.0,
            0.16366527550213136,
            0.0,
            0.2528394565944526
        ],
        [
            0.15407966758117786,
            0.0,
            0.1216017261379297,
            0.2624097473990478,
            0.0,
            0.0,
            0.0,
            0.2066317489785496,
            0.0,
            0.0,
            0.255277109903295
        ],
        [
            0.0,
            0.0,
            0.22139407104549763,
            0.4777560656729422,
            0.0,
            0.0,
            0.0,
            0.0,
            0.30084986328156016,
            0.0,
            0.0
        ],
        [
            0.0,
            0.0,
            0.0,
            0.0,
            0.4004636674842594,
            0.30186010608626745,
            0.0,
            0.2976762264294732,
            0.0,
            0.0,
            0.0
        ],
        [
            0.0,
            0.3779276154546677,
            0.1406645062383796,
            0.0,
            0.0,
            0.24238369775977903,
            0.0,
            0.23902418054717367,
            0.0,
            0.0,
            0.0
        ],
        [
            0.16676500590315252,
            0.0,
            0.131613164122004,
            0.0,
            0.0,
            0.0,
            0.5227742111331387,
            0.0,
            0.17884761884170466,
            0.0,
            0.0
        ],
        [
            0.19165658900440652,
            0.0,
            0.0,
            0.0,
            0.34577567848354746,
            0.0,
            0.0,
            0.2570250624948865,
            0.2055426700171596,
            0.0,
            0.0
        ],
        [
            0.0,
            0.29877401830658623,
            0.0,
            0.0,
            0.254211391283447,
            0.0,
            0.0,
            0.0,
            0.15111325453060392,
            0.29590133587936285,
            0.0
        ],
        [
            0.19050706704057485,
            0.0,
            0.1503507150377453,
            0.0,
            0.0,
            0.2590743268946431,
            0.0,
            0.0,
            0.0,
            0.4000678910270367,
            0.0
        ],
        [
            0.14480297248826576,
            0.0,
            0.11428043479649397,
            0.0,
            0.0,
            0.19692042511867008,
            0.0,
            0.0,
            0.0,
            0.30408856069096984,
            0.2399076069056005
        ]
    ]
}