{
    "connectivity": [
        [
            1.0,
            0.0,
            1.0,
            0.0,
            0.0,
            0.0,
            0.0,
            1.0,
            0.0,
            0.0,
            0.0
        ],
        [
            0.0,
            1.0,
            0.0,
            1.0,
            0.0,
            1.0,
            1.0,
            0.0,
            0.0,
            0.0,
            1.0
        ],
        [
            0.0,
            0.0,
            1.0,
            0.0,
            0.0,
            1.0,
            0.0,
            1.0,
            1.0,
            0.0,
            0.0
        ],
        [
            0.0,
            0.0,
            0.0,
            1.0,
            0.0,
            1.0,
            1.0,
            0.0,
            0.0,
            1.0,
            0.0
        ],
        [
            1.0,
            0.0,
            1.0,
            1.0,
            1.0,
            0.0,
            0.0,
            0.0,
            0.0,
            0.0,
            0.0
        ],
        [
            1.0,
            1.0,
            0.0,
            0.0,
            1.0,
            1.0,
            0.0,
            0.0,
            1.0,
            0.0,
            0.0
        ],
        [
            1.0,
            0.0,
            0.0,
            0.0,
            0.0,
            0.0,
            1.0,
            0.0,
            0.0,
            1.0,
            0.0
        ],
        [
            0.0,
            1.0,
            1.0,
            0.0,
            0.0,
            0.0,
            0.0,
            1.0,
            1.0,
            0.0,
            0.0
        ],
        [
            0.0,
            0.0,
            1.0,
            1.0,
            0.0,
            0.0,
            1.0,
            1.0,
            1.0,
            0.0,
            0.0
        ],
        [
            0.0,
            0.0,
            1.0,
            1.0,
            0.0,
            0.0,
            1.0,
            0.0,
            1.0,
            1.0,
            1.0
        ],
        [
            0.0,
            0.0,
            0.0,
            0.0,
            1.0,
            1.0,
            0.0,
            0.0,
            0.0,
            0.0,
            1.0
        ]
    ],
    "experiment id": 8,
    "num_agents": 11,
    "pi": [
        [
            0.3743794326652713,
            0.0,
            0.26882867040049563,
            0.0,
            0.0,
            0.0,
            0.0,
            0.3567918969342331,
            0.0,
            0.0,
            0.0
        ],
        [
            0.0,
            0.27461574974493325,
            0.0,
            0.15130749253853804,
            0.0,
            0.1415388747423117,
            0.14294613867107356,
            0.0,
            0.0,
            0.0,
            0.28959174430314344
        ],
        [
            0.0,
            0.0,
            0.18958071111514177,
            0.0,
            0.0,
            0.27997653442024945,
            0.0,
            0.2516132726473789,
            0.27882948181722966,
            0.0,
            0.0
        ],
        [
            0.0,
            0.0,
            0.0,
            0.22953962050289048,
            0.0,
            0.2147202299746094,
            0.21685510659397525,
            0.0,
            0.0,
            0.33888504292852495,
            0.0
        ],
        [
            0.21541040063279407,
            0.0,
            0.15467861356670062,
            0.24419819632382042,
            0.38571278947668475,
            0.0,
            0.0,
            0.0,
            0.0,
            0.0,
            0.0
        ],
        [
            0.14358204301594513,
            0.2954206973832299,
            0.0,
            0.0,
            0.25709729041750956,
            0.15226189001194687,
            0.0,
            0.0,
            0.15163807917136848,
            0.0,
            0.0
        ],
        [
            0.2670463354878532,
            0.0,
            0.0,
            0.0,
            0.0,
            0.0,
            0.286005510278129,
            0.0,
            0.0,
            0.4469481542340178,
            0.0
        ],
        [
            0.0,
            0.4300175438549044,
            0.15007521910711086,
            0.0,
            0.0,
            0.0,
            0.0,
            0.1991812183881858,
            0.22072601864979893,
            0.0,
            0.0
        ],
        [
            0.0,
            0.0,
            0.1455979757143086,
            0.22986217834504716,
            0.0,
            0.0,
            0.21715983967269326,
            0.19323897956085262,
            0.21414102670709828,
            0.0,
            0.0
        ],
        [
            0.0,
            0.0,
            0.09179840881572553,
            0.14492634334694365,
            0.0,
            0.0,
            0.13691761607831343,
            0.0,
            0.13501427761914647,
            0.21396467406804257,
            0.27737868007182825
        ],
        [
            0.0,
            0.0,
            0.0,
            0.0,
            0.35663849889362215,
            0.21121362969007887,
            0.0,
            0.0,
            0.0,
            0.0,
            0.4321478714162989
        ]
    ]
}