{
    "connectivity": [
        [
            1.0,
            1.0,
            0.0
        ],
        [
            1.0,
            1.0,
            1.0
        ],
        [
            0.0,
            1.0,
            1.0
        ]
    ],
    "experiment id": 2,
    "num_agents": 3,
    "pi": [
        [
            0.6180257510729613,
            0.3819742489270386,
            0.0
        ],
        [
            0.3819628647214854,
            0.23607427055702918,
            0.3819628647214854
        ],
        [
            0.0,
            0.3819742489270386,
            0.6180257510729613
        ]
    ]
}