{
    "connectivity": [
        [
            1.0,
            0.0,
            0.0,
            0.0,
            1.0
        ],
        [
            0.0,
            1.0,
            0.0,
            1.0,
            1.0
        ],
        [
            0.0,
            1.0,
            1.0,
            1.0,
            0.0
        ],
        [
            1.0,
            0.0,
            0.0,
            1.0,
            1.0
        ],
        [
            0.0,
            1.0,
            1.0,
            0.0,
            1.0
        ]
    ],
    "experiment id": 10,
    "num_agents": 5,
    "pi": [
        [
            0.6201150079267398,
            0.0,
            0.0,
            0.0,
            0.37988499207326004
        ],
        [
            0.0,
            0.41220519885833007,
            0.0,
            0.36640069914029305,
            0.22139410200137694
        ],
        [
            0.0,
            0.2785215367231692,
            0.47390641405560885,
            0.2475720492212218,
            0.0
        ],
        [
            0.38074267922454386,
            0.0,
            0.0,
            0.3860127970495361,
            0.23324452372592017
        ],
        [
            0.0,
            0.30877500860295076,
            0.5253829158010725,
            0.0,
            0.16584207559597655
        ]
    ]
}