{
    "connectivity": [
        [
            1.0,
            0.0,
            0.0,
            1.0,
            0.0
        ],
        [
            1.0,
            1.0,
            0.0,
            1.0,
            0.0
        ],
        [
            0.0,
            1.0,
            1.0,
            1.0,
            1.0
        ],
        [
            1.0,
            0.0,
            1.0,
            1.0,
            1.0
        ],
        [
            1.0,
            1.0,
            0.0,
            0.0,
            1.0
        ]
    ],
    "experiment id": 2,
    "num_agents": 5,
    "pi": [
        [
            0.47766096461140756,
            0.0,
            0.0,
            0.5223390353885926,
            0.0
        ],
        [
            0.2476495883992545,
            0.4815368917560066,
            0.0,
            0.27081351984473895,
            0.0
        ],
        [
            0.0,
            0.17609377924891365,
            0.47734902425798986,
            0.09903410724618877,
            0.2475230892469077
        ],
        [
            0.09903366289908813,
            0.0,
            0.5219955755551301,
            0.1082967874333044,
            0.27067397411247723
        ],
        [
            0.17613139262564123,
            0.3424748811165939,
            0.0,
            0.0,
            0.4813937262577647
        ]
    ]
}