{
    "connectivity": [
        [
            1.0,
            0.0,
            0.0,
            1.0,
            1.0
        ],
        [
            0.0,
            1.0,
            1.0,
            0.0,
            1.0
        ],
        [
            0.0,
            0.0,
            1.0,
            0.0,
            1.0
        ],
        [
            1.0,
            0.0,
            0.0,
            1.0,
            0.0
        ],
        [
            0.0,
            0.0,
            0.0,
            1.0,
            1.0
        ]
    ],
    "experiment id": 6,
    "num_agents": 5,
    "pi": [
        [
            0.3824395785279003,
            0.0,
            0.0,
            0.23623363616878837,
            0.3813267853033114
        ],
        [
            0.0,
            0.9986031725713819,
            0.001394319544515284,
            0.0,
            2.5078841027507366e-06
        ],
        [
            0.0,
            0.0,
            0.998204585583466,
            0.0,
            0.0017954144165338568
        ],
        [
            0.6181608795127739,
            0.0,
            0.0,
            0.38183912048722607,
            0.0
        ],
        [
            0.0,
            0.0,
            0.0,
            0.38252716326229297,
            0.617472836737707
        ]
    ]
}