{
    "connectivity": [
        [
            1.0,
            0.0,
            1.0,
            1.0,
            0.0
        ],
        [
            1.0,
            1.0,
            0.0,
            0.0,
            1.0
        ],
        [
            1.0,
            0.0,
            1.0,
            1.0,
            0.0
        ],
        [
            0.0,
            1.0,
            1.0,
            1.0,
            0.0
        ],
        [
            1.0,
            0.0,
            1.0,
            1.0,
            1.0
        ]
    ],
    "experiment id": 9,
    "num_agents": 5,
    "pi": [
        [
            0.349147954721578,
            0.0,
            0.325426022639211,
            0.325426022639211,
            0.0
        ],
        [
            0.14019226659162218,
            0.39640361193853435,
            0.0,
            0.0,
            0.4634041214698435
        ],
        [
            0.349147954721578,
            0.0,
            0.325426022639211,
            0.325426022639211,
            0.0
        ],
        [
            0.0,
            0.6026769240412818,
            0.1986615379793591,
            0.1986615379793591,
            0.0
        ],
        [
            0.16208492552334564,
            0.0,
            0.15107249499684744,
            0.15107249499684744,
            0.5357700844829595
        ]
    ]
}