{
    "connectivity": [
        [
            1.0,
            0.0,
            1.0,
            0.0,
            1.0,
            0.0
        ],
        [
            0.0,
            1.0,
            1.0,
            0.0,
            1.0,
            0.0
        ],
        [
            0.0,
            0.0,
            1.0,
            0.0,
            0.0,
            1.0
        ],
        [
            1.0,
            1.0,
            0.0,
            1.0,
            1.0,
            0.0
        ],
        [
            1.0,
            0.0,
            0.0,
            1.0,
            1.0,
            1.0
        ],
        [
            0.0,
            0.0,
            1.0,
            1.0,
            0.0,
            1.0
        ]
    ],
    "experiment id": 1,
    "num_agents": 6,
    "pi": [
        [
            0.4625073450916724,
            0.0,
            0.19294808739624406,
            0.0,
            0.34454456751208357,
            0.0
        ],
        [
            0.0,
            0.6025059821366313,
            0.1426916438723546,
            0.0,
            0.2548023739910142,
            0.0
        ],
        [
            0.0,
            0.0,
            0.44268087139162704,
            0.0,
            0.0,
            0.5573191286083731
        ],
        [
            0.22515118719818666,
            0.39660565939436515,
            0.0,
            0.2105169124270903,
            0.1677262409803579,
            0.0
        ],
        [
            0.3119964835385256,
            0.0,
            0.0,
            0.2917174775757474,
            0.23242159206091217,
            0.1638644468248148
        ],
        [
            0.0,
            0.0,
            0.22221151783644078,
            0.4980322571023028,
            0.0,
            0.27975622506125636
        ]
    ]
}