{
    "connectivity": [
        [
            1.0,
            1.0,
            0.0,
            0.0,
            0.0,
            1.0
        ],
        [
            1.0,
            1.0,
            1.0,
            0.0,
            0.0,
            1.0
        ],
        [
            0.0,
            0.0,
            1.0,
            1.0,
            1.0,
            0.0
        ],
        [
            0.0,
            1.0,
            0.0,
            1.0,
            0.0,
            0.0
        ],
        [
            1.0,
            0.0,
            0.0,
            1.0,
            1.0,
            0.0
        ],
        [
            0.0,
            0.0,
            0.0,
            0.0,
            1.0,
            1.0
        ]
    ],
    "experiment id": 4,
    "num_agents": 6,
    "pi": [
        [
            0.38324215988360893,
            0.3083789200581956,
            0.0,
            0.0,
            0.0,
            0.3083789200581956
        ],
        [
            0.2179586401374107,
            0.1753821919888473,
            0.4312769758848948,
            0.0,
            0.0,
            0.1753821919888473
        ],
        [
            0.0,
            0.0,
            0.5677996802571207,
            0.21610015987143974,
            0.2161001598714397,
            0.0
        ],
        [
            0.0,
            0.5165548728661952,
            0.0,
            0.48344512713380483,
            0.0,
            0.0
        ],
        [
            0.3990162623600955,
            0.0,
            0.0,
            0.3004918688199523,
            0.30049186881995227,
            0.0
        ],
        [
            0.0,
            0.0,
            0.0,
            0.0,
            0.48344512713380483,
            0.5165548728661953
        ]
    ]
}