{
    "connectivity": [
        [
            1.0,
            0.0,
            1.0,
            0.0,
            0.0,
            0.0
        ],
        [
            0.0,
            1.0,
            1.0,
            0.0,
            0.0,
            1.0
        ],
        [
            1.0,
            0.0,
            1.0,
            1.0,
            0.0,
            0.0
        ],
        [
            0.0,
            0.0,
            1.0,
            1.0,
            1.0,
            0.0
        ],
        [
            0.0,
            0.0,
            1.0,
            0.0,
            1.0,
            1.0
        ],
        [
            0.0,
            1.0,
            1.0,
            0.0,
            0.0,
            1.0
        ]
    ],
    "experiment id": 6,
    "num_agents": 6,
    "pi": [
        [
            0.692555960651418,
            0.0,
            0.30744403934858194,
            0.0,
            0.0,
            0.0
        ],
        [
            0.0,
            0.49967961113164144,
            0.15436754335976985,
            0.0,
            0.0,
            0.34595284550858885
        ],
        [
            0.30826104509498836,
            0.0,
            0.1368452894242295,
            0.5548936654807821,
            0.0,
            0.0
        ],
        [
            0.0,
            0.0,
            0.10987583606748824,
            0.44553528791367353,
            0.4445888760188382,
            0.0
        ],
        [
            0.0,
            0.0,
            0.13722347818438105,
            0.0,
            0.5552452123496654,
            0.30753130946595353
        ],
        [
            0.0,
            0.49967961113164144,
            0.15436754335976985,
            0.0,
            0.0,
            0.34595284550858885
        ]
    ]
}