{
    "connectivity": [
        [
            1.0,
            0.0,
            1.0,
            0.0,
            1.0,
            0.0
        ],
        [
            0.0,
            1.0,
            1.0,
            0.0,
            0.0,
            1.0
        ],
        [
            1.0,
            0.0,
            1.0,
            0.0,
            0.0,
            1.0
        ],
        [
            1.0,
            0.0,
            0.0,
            1.0,
            0.0,
            0.0
        ],
        [
            1.0,
            0.0,
            1.0,
            0.0,
            1.0,
            0.0
        ],
        [
            0.0,
            1.0,
            1.0,
            0.0,
            0.0,
            1.0
        ]
    ],
    "experiment id": 7,
    "num_agents": 6,
    "pi": [
        [
            0.30879577907908773,
            0.0,
            0.19110444164921825,
            0.0,
            0.5000997792716941,
            0.0
        ],
        [
            0.0,
            0.5001003831183991,
            0.19091284531368752,
            0.0,
            0.0,
            0.3089867715679133
        ],
        [
            0.38160762649510516,
            0.0,
            0.23616550915274234,
            0.0,
            0.0,
            0.3822268643521526
        ],
        [
            0.0009992773276238038,
            0.0,
            0.0,
            0.9990007226723762,
            0.0,
            0.0
        ],
        [
            0.30879577907908773,
            0.0,
            0.19110444164921825,
            0.0,
            0.5000997792716941,
            0.0
        ],
        [
            0.0,
            0.5001003831183991,
            0.19091284531368752,
            0.0,
            0.0,
            0.3089867715679133
        ]
    ]
}