{
    "connectivity": [
        [
            1.0,
            1.0,
            1.0,
            1.0,
            1.0,
            1.0
        ],
        [
            1.0,
            1.0,
            1.0,
            1.0,
            1.0,
            1.0
        ],
        [
            1.0,
            1.0,
            1.0,
            1.0,
            1.0,
            1.0
        ],
        [
            1.0,
            1.0,
            1.0,
            1.0,
            1.0,
            1.0
        ],
        [
            1.0,
            1.0,
            1.0,
            1.0,
            1.0,
            1.0
        ],
        [
            1.0,
            1.0,
            1.0,
            1.0,
            1.0,
            1.0
        ]
    ],
    "experiment id": 8,
    "num_agents": 6,
    "pi": [
        [
            0.16666666666666666,
            0.16666666666666666,
            0.16666666666666666,
            0.16666666666666666,
            0.16666666666666666,
            0.16666666666666666
        ],
        [
            0.16666666666666666,
            0.16666666666666666,
            0.16666666666666666,
            0.16666666666666666,
            0.16666666666666666,
            0.16666666666666666
        ],
        [
            0.16666666666666666,
            0.16666666666666666,
            0.16666666666666666,
            0.16666666666666666,
            0.16666666666666666,
            0.16666666666666666
        ],
        [
            0.16666666666666666,
            0.16666666666666666,
            0.16666666666666666,
            0.16666666666666666,
            0.16666666666666666,
            0.16666666666666666
        ],
        [
            0.16666666666666666,
            0.16666666666666666,
            0.16666666666666666,
            0.16666666666666666,
            0.16666666666666666,
            0.16666666666666666
        ],
        [
            0.16666666666666666,
            0.16666666666666666,
            0.16666666666666666,
            0.16666666666666666,
            0.16666666666666666,
            0.16666666666666666
        ]
    ]
}