{
    "connectivity": [
        [
            1.0,
            0.0,
            1.0,
            1.0,
            1.0,
            0.0,
            1.0
        ],
        [
            1.0,
            1.0,
            0.0,
            0.0,
            0.0,
            0.0,
            0.0
        ],
        [
            1.0,
            0.0,
            1.0,
            1.0,
            0.0,
            0.0,
            0.0
        ],
        [
            1.0,
            1.0,
            0.0,
            1.0,
            0.0,
            0.0,
            1.0
        ],
        [
            0.0,
            0.0,
            0.0,
            1.0,
            1.0,
            0.0,
            1.0
        ],
        [
            0.0,
            0.0,
            1.0,
            0.0,
            1.0,
            1.0,
            1.0
        ],
        [
            0.0,
            1.0,
            0.0,
            0.0,
            0.0,
            1.0,
            1.0
        ]
    ],
    "experiment id": 1,
    "num_agents": 7,
    "pi": [
        [
            0.12312284647051344,
            0.0,
            0.2755341669035024,
            0.16292379196907233,
            0.2846842369668262,
            0.0,
            0.15373495769008566
        ],
        [
            0.4498094989174874,
            0.5501905010825128,
            0.0,
            0.0,
            0.0,
            0.0,
            0.0
        ],
        [
            0.21924333114500533,
            0.0,
            0.4906402859249606,
            0.29011638293003417,
            0.0,
            0.0,
            0.0
        ],
        [
            0.20854813514798434,
            0.25508843911262336,
            0.0,
            0.27596383579813843,
            0.0,
            0.0,
            0.26039958994125373
        ],
        [
            0.0,
            0.0,
            0.0,
            0.2709332204624274,
            0.4734140803140197,
            0.0,
            0.25565269922355277
        ],
        [
            0.0,
            0.0,
            0.2335796183965591,
            0.0,
            0.24133644179785246,
            0.3947576243616038,
            0.13032631544398465
        ],
        [
            0.0,
            0.1955844487278227,
            0.0,
            0.0,
            0.0,
            0.6047588736713347,
            0.1996566776008426
        ]
    ]
}