{
    "connectivity": [
        [
            1.0,
            0.0,
            1.0,
            0.0,
            0.0,
            0.0,
            0.0
        ],
        [
            1.0,
            1.0,
            0.0,
            1.0,
            0.0,
            1.0,
            0.0
        ],
        [
            0.0,
            0.0,
            1.0,
            1.0,
            0.0,
            1.0,
            1.0
        ],
        [
            1.0,
            0.0,
            0.0,
            1.0,
            1.0,
            0.0,
            0.0
        ],
        [
            1.0,
            1.0,
            0.0,
            0.0,
            1.0,
            0.0,
            1.0
        ],
        [
            1.0,
            0.0,
            1.0,
            0.0,
            0.0,
            1.0,
            0.0
        ],
        [
            0.0,
            1.0,
            0.0,
            1.0,
            1.0,
            0.0,
            1.0
        ]
    ],
    "experiment id": 4,
    "num_agents": 7,
    "pi": [
        [
            0.42713279858492115,
            0.0,
            0.572867201415079,
            0.0,
            0.0,
            0.0,
            0.0
        ],
        [
            0.1098132780796633,
            0.3933986242231409,
            0.0,
            0.2406936808105585,
            0.0,
            0.2560944168866373,
            0.0
        ],
        [
            0.0,
            0.0,
            0.1410539057317816,
            0.23051750565556003,
            0.0,
            0.24526712123982405,
            0.3831614673728343
        ],
        [
            0.16074867463625514,
            0.0,
            0.0,
            0.3523361733683139,
            0.486915151995431,
            0.0,
            0.0
        ],
        [
            0.08885162594863695,
            0.3183049265028377,
            0.0,
            0.0,
            0.26913567437939045,
            0.0,
            0.32370777316913485
        ],
        [
            0.21398238013112061,
            0.0,
            0.28699151098667275,
            0.0,
            0.0,
            0.49902610888220666,
            0.0
        ],
        [
            0.0,
            0.2878250162350491,
            0.0,
            0.17610041906927848,
            0.24336406193508395,
            0.0,
            0.2927105027605886
        ]
    ]
}