{
    "connectivity": [
        [
            1.0,
            0.0,
            0.0,
            0.0,
            0.0,
            0.0,
            1.0
        ],
        [
            0.0,
            1.0,
            0.0,
            0.0,
            0.0,
            0.0,
            0.0
        ],
        [
            1.0,
            0.0,
            1.0,
            0.0,
            1.0,
            0.0,
            1.0
        ],
        [
            1.0,
            1.0,
            0.0,
            1.0,
            0.0,
            0.0,
            1.0
        ],
        [
            0.0,
            0.0,
            1.0,
            0.0,
            1.0,
            0.0,
            1.0
        ],
        [
            0.0,
            1.0,
            0.0,
            0.0,
            1.0,
            1.0,
            0.0
        ],
        [
            0.0,
            0.0,
            0.0,
            0.0,
            0.0,
            1.0,
            1.0
        ]
    ],
    "experiment id": 5,
    "num_agents": 7,
    "pi": [
        [
            0.7142139506028141,
            0.0,
            0.0,
            0.0,
            0.0,
            0.0,
            0.2857860493971859
        ],
        [
            0.0,
            1.0,
            0.0,
            0.0,
            0.0,
            0.0,
            0.0
        ],
        [
            0.2850689060790648,
            0.0,
            0.4168860279545016,
            0.0,
            0.18397740262052484,
            0.0,
            0.1140676633459088
        ],
        [
            0.0007148733725544688,
            8.280006438459673e-07,
            0.0,
            0.9989982487158623,
            0.0,
            0.0,
            0.00028604991093936113
        ],
        [
            0.0,
            0.0,
            0.5831135776570453,
            0.0,
            0.25733585262256203,
            0.0,
            0.15955056972039272
        ],
        [
            0.0,
            0.0010026652876215336,
            0.0,
            0.0,
            0.5586876359544544,
            0.44030969875792414,
            0.0
        ],
        [
            0.0,
            0.0,
            0.0,
            0.0,
            0.0,
            0.559691209262856,
            0.440308790737144
        ]
    ]
}