{
    "connectivity": [
        [
            1.0,
            1.0,
            0.0,
            1.0,
            1.0,
            0.0,
            0.0
        ],
        [
            1.0,
            1.0,
            0.0,
            0.0,
            0.0,
            0.0,
            1.0
        ],
        [
            1.0,
            0.0,
            1.0,
            0.0,
            0.0,
            1.0,
            1.0
        ],
        [
            1.0,
            0.0,
            0.0,
            1.0,
            0.0,
            0.0,
            1.0
        ],
        [
            1.0,
            0.0,
            0.0,
            1.0,
            1.0,
            0.0,
            0.0
        ],
        [
            1.0,
            0.0,
            1.0,
            0.0,
            0.0,
            1.0,
            0.0
        ],
        [
            0.0,
            0.0,
            1.0,
            0.0,
            1.0,
            1.0,
            1.0
        ]
    ],
    "experiment id": 7,
    "num_agents": 7,
    "pi": [
        [
            0.1108017078772898,
            0.4096379628487832,
            0.0,
            0.21263072851248294,
            0.266929600761444,
            0.0,
            0.0
        ],
        [
            0.15972368419827543,
            0.5905042969747797,
            0.0,
            0.0,
            0.0,
            0.0,
            0.24977201882694486
        ],
        [
            0.1398498345351133,
            0.0,
            0.32072819507523204,
            0.0,
            0.0,
            0.32072819507523204,
            0.21869377531442263
        ],
        [
            0.22307506129523633,
            0.0,
            0.0,
            0.42808557471608066,
            0.0,
            0.0,
            0.3488393639886829
        ],
        [
            0.18768433758369998,
            0.0,
            0.0,
            0.360170056900219,
            0.4521456055160811,
            0.0,
            0.0
        ],
        [
            0.17899490637156174,
            0.0,
            0.41050254681421916,
            0.0,
            0.0,
            0.41050254681421916,
            0.0
        ],
        [
            0.0,
            0.0,
            0.2679301758425416,
            0.0,
            0.2814470675709063,
            0.2679301758425416,
            0.18269258074401037
        ]
    ]
}