{
    "connectivity": [
        [
            1.0,
            1.0,
            1.0,
            0.0,
            0.0,
            0.0,
            1.0
        ],
        [
            1.0,
            1.0,
            0.0,
            0.0,
            0.0,
            1.0,
            0.0
        ],
        [
            1.0,
            0.0,
            1.0,
            0.0,
            0.0,
            0.0,
            0.0
        ],
        [
            0.0,
            0.0,
            0.0,
            1.0,
            0.0,
            0.0,
            1.0
        ],
        [
            1.0,
            0.0,
            1.0,
            0.0,
            1.0,
            0.0,
            0.0
        ],
        [
            0.0,
            0.0,
            1.0,
            0.0,
            1.0,
            1.0,
            0.0
        ],
        [
            0.0,
            1.0,
            0.0,
            0.0,
            0.0,
            1.0,
            1.0
        ]
    ],
    "experiment id": 8,
    "num_agents": 7,
    "pi": [
        [
            0.10745304023756033,
            0.2798222746168845,
            0.1072310113588846,
            0.0,
            0.0,
            0.0,
            0.5054936737866705
        ],
        [
            0.17167552427239152,
            0.44706632396572066,
            0.0,
            0.0,
            0.0,
            0.3812581517618878,
            0.0
        ],
        [
            0.5005171061311371,
            0.0,
            0.49948289386886296,
            0.0,
            0.0,
            0.0,
            0.0
        ],
        [
            0.0,
            0.0,
            0.0,
            0.9990000269632888,
            0.0,
            0.0,
            0.0009999730367110783
        ],
        [
            0.2205215679937978,
            0.0,
            0.22006590702452944,
            0.0,
            0.5594125249816728,
            0.0,
            0.0
        ],
        [
            0.0,
            0.0,
            0.17338752300893034,
            0.0,
            0.4407550145235906,
            0.38585746246747893,
            0.0
        ],
        [
            0.0,
            0.2732777164640538,
            0.0,
            0.0,
            0.0,
            0.2330512309059164,
            0.49367105263002975
        ]
    ]
}