{
    "connectivity": [
        [
            1.0,
            0.0,
            0.0,
            0.0,
            0.0,
            1.0,
            0.0,
            0.0
        ],
        [
            0.0,
            1.0,
            1.0,
            0.0,
            1.0,
            1.0,
            0.0,
            0.0
        ],
        [
            0.0,
            1.0,
            1.0,
            1.0,
            1.0,
            0.0,
            0.0,
            0.0
        ],
        [
            1.0,
            0.0,
            0.0,
            1.0,
            0.0,
            0.0,
            1.0,
            1.0
        ],
        [
            0.0,
            1.0,
            0.0,
            0.0,
            1.0,
            0.0,
            1.0,
            1.0
        ],
        [
            1.0,
            1.0,
            0.0,
            0.0,
            0.0,
            1.0,
            1.0,
            1.0
        ],
        [
            0.0,
            0.0,
            1.0,
            1.0,
            0.0,
            0.0,
            1.0,
            0.0
        ],
        [
            0.0,
            0.0,
            0.0,
            0.0,
            0.0,
            1.0,
            1.0,
            1.0
        ]
    ],
    "experiment id": 10,
    "num_agents": 8,
    "pi": [
        [
            0.5723131158125788,
            0.0,
            0.0,
            0.0,
            0.0,
            0.42768688418742107,
            0.0,
            0.0
        ],
        [
            0.0,
            0.2366562755630094,
            0.3066259650066515,
            0.0,
            0.33085357864544057,
            0.12586418078489847,
            0.0,
            0.0
        ],
        [
            0.0,
            0.2054573298982892,
            0.2662027529076853,
            0.24110353314264513,
            0.28723638405138024,
            0.0,
            0.0,
            0.0
        ],
        [
            0.22574288586916724,
            0.0,
            0.0,
            0.37222377788387145,
            0.0,
            0.0,
            0.1802577199821923,
            0.22177561626476897
        ],
        [
            0.0,
            0.27281328319174714,
            0.0,
            0.0,
            0.38140231367737226,
            0.0,
            0.15503766104482317,
            0.19074674208605755
        ],
        [
            0.202702725527626,
            0.2848181710929687,
            0.0,
            0.0,
            0.0,
            0.151478787925592,
            0.1618599452075871,
            0.1991403702462263
        ],
        [
            0.0,
            0.0,
            0.42656180115672876,
            0.3863429519011882,
            0.0,
            0.0,
            0.187095246942083,
            0.0
        ],
        [
            0.0,
            0.0,
            0.0,
            0.0,
            0.0,
            0.295580418648694,
            0.31583716124276145,
            0.38858242010854444
        ]
    ]
}