{
    "connectivity": [
        [
            1.0,
            0.0,
            1.0,
            0.0,
            0.0,
            1.0,
            0.0,
            0.0
        ],
        [
            1.0,
            1.0,
            0.0,
            1.0,
            0.0,
            0.0,
            1.0,
            0.0
        ],
        [
            1.0,
            1.0,
            1.0,
            0.0,
            0.0,
            0.0,
            0.0,
            0.0
        ],
        [
            0.0,
            1.0,
            0.0,
            1.0,
            0.0,
            0.0,
            1.0,
            0.0
        ],
        [
            0.0,
            0.0,
            0.0,
            0.0,
            1.0,
            1.0,
            0.0,
            1.0
        ],
        [
            0.0,
            0.0,
            1.0,
            0.0,
            1.0,
            1.0,
            0.0,
            1.0
        ],
        [
            0.0,
            0.0,
            0.0,
            0.0,
            0.0,
            0.0,
            1.0,
            1.0
        ],
        [
            0.0,
            0.0,
            1.0,
            0.0,
            0.0,
            0.0,
            1.0,
            1.0
        ]
    ],
    "experiment id": 2,
    "num_agents": 8,
    "pi": [
        [
            0.3975244279487705,
            0.0,
            0.21584026460241884,
            0.0,
            0.0,
            0.38663530744881075,
            0.0,
            0.0
        ],
        [
            0.22616994130302784,
            0.2526788732708556,
            0.0,
            0.43582234919345064,
            0.0,
            0.0,
            0.08532883623266599,
            0.0
        ],
        [
            0.37591596150476414,
            0.4199763286416987,
            0.20410770985353716,
            0.0,
            0.0,
            0.0,
            0.0,
            0.0
        ],
        [
            0.0,
            0.3265301863516823,
            0.0,
            0.5632016284393475,
            0.0,
            0.0,
            0.11026818520897015,
            0.0
        ],
        [
            0.0,
            0.0,
            0.0,
            0.0,
            0.5429708269051143,
            0.3330598674424483,
            0.0,
            0.12396930565243727
        ],
        [
            0.0,
            0.0,
            0.15678106454624477,
            0.0,
            0.45784328264537577,
            0.2808423868671901,
            0.0,
            0.10453326594118936
        ],
        [
            0.0,
            0.0,
            0.0,
            0.0,
            0.0,
            0.0,
            0.5103206679013004,
            0.4896793320986996
        ],
        [
            0.0,
            0.0,
            0.42344196296329145,
            0.0,
            0.0,
            0.0,
            0.29422948254443576,
            0.28232855449227273
        ]
    ]
}