{
    "connectivity": [
        [
            1.0,
            1.0,
            1.0,
            1.0,
            0.0,
            0.0,
            0.0,
            0.0
        ],
        [
            0.0,
            1.0,
            0.0,
            0.0,
            0.0,
            1.0,
            0.0,
            1.0
        ],
        [
            1.0,
            1.0,
            1.0,
            0.0,
            0.0,
            1.0,
            0.0,
            0.0
        ],
        [
            0.0,
            0.0,
            0.0,
            1.0,
            0.0,
            1.0,
            0.0,
            0.0
        ],
        [
            1.0,
            1.0,
            0.0,
            0.0,
            1.0,
            1.0,
            0.0,
            1.0
        ],
        [
            1.0,
            0.0,
            1.0,
            0.0,
            0.0,
            1.0,
            1.0,
            0.0
        ],
        [
            1.0,
            0.0,
            1.0,
            0.0,
            1.0,
            0.0,
            1.0,
            1.0
        ],
        [
            0.0,
            0.0,
            1.0,
            0.0,
            0.0,
            0.0,
            0.0,
            1.0
        ]
    ],
    "experiment id": 4,
    "num_agents": 8,
    "pi": [
        [
            0.27441539014819893,
            0.2259460599588506,
            0.16655621624314312,
            0.33308233364980727,
            0.0,
            0.0,
            0.0,
            0.0
        ],
        [
            0.0,
            0.39224566949344053,
            0.0,
            0.0,
            0.0,
            0.2877259650600254,
            0.0,
            0.3200283654465341
        ],
        [
            0.32956593152245717,
            0.2713554938881269,
            0.20002979616916922,
            0.0,
            0.0,
            0.1990487784202466,
            0.0,
            0.0
        ],
        [
            0.0,
            0.0,
            0.0,
            0.6677382612003484,
            0.0,
            0.3322617387996516,
            0.0,
            0.0
        ],
        [
            0.13438204815236607,
            0.11064647027570122,
            0.0,
            0.0,
            0.5835333327399359,
            0.08116306926135212,
            0.0,
            0.0902750795706448
        ],
        [
            0.16579881630816146,
            0.0,
            0.10063146781587516,
            0.0,
            0.0,
            0.10013793506266465,
            0.6334317808132988,
            0.0
        ],
        [
            0.09577114119576995,
            0.0,
            0.058128222670895804,
            0.0,
            0.4158714201089562,
            0.0,
            0.36589214488361954,
            0.06433707114075836
        ],
        [
            0.0,
            0.0,
            0.4746505794555498,
            0.0,
            0.0,
            0.0,
            0.0,
            0.5253494205444502
        ]
    ]
}