{
    "connectivity": [
        [
            1.0,
            0.0,
            1.0,
            0.0,
            0.0,
            1.0,
            1.0,
            0.0
        ],
        [
            0.0,
            1.0,
            1.0,
            0.0,
            0.0,
            0.0,
            0.0,
            1.0
        ],
        [
            0.0,
            0.0,
            1.0,
            0.0,
            0.0,
            0.0,
            1.0,
            1.0
        ],
        [
            1.0,
            0.0,
            0.0,
            1.0,
            0.0,
            0.0,
            0.0,
            0.0
        ],
        [
            0.0,
            0.0,
            0.0,
            1.0,
            1.0,
            0.0,
            0.0,
            1.0
        ],
        [
            0.0,
            0.0,
            1.0,
            0.0,
            0.0,
            1.0,
            1.0,
            1.0
        ],
        [
            0.0,
            1.0,
            0.0,
            1.0,
            0.0,
            0.0,
            1.0,
            1.0
        ],
        [
            0.0,
            0.0,
            0.0,
            0.0,
            0.0,
            0.0,
            1.0,
            1.0
        ]
    ],
    "experiment id": 7,
    "num_agents": 8,
    "pi": [
        [
            0.47679765245218025,
            0.0,
            0.10251489420861845,
            0.0,
            0.0,
            0.36517209510055965,
            0.05551535823864157,
            0.0
        ],
        [
            0.0,
            0.6519977056713162,
            0.23103936369489644,
            0.0,
            0.0,
            0.0,
            0.0,
            0.11696293063378732
        ],
        [
            0.0,
            0.0,
            0.48833339131326053,
            0.0,
            0.0,
            0.0,
            0.26444940872179384,
            0.2472171999649456
        ],
        [
            0.5233448377804489,
            0.0,
            0.0,
            0.47665516221955095,
            0.0,
            0.0,
            0.0,
            0.0
        ],
        [
            0.0,
            0.0,
            0.0,
            0.0008927890633991707,
            0.9990005150623104,
            0.0,
            0.0,
            0.00010669587429046599
        ],
        [
            0.0,
            0.0,
            0.178255715374169,
            0.0,
            0.0,
            0.6349712746556381,
            0.09653163058378661,
            0.09024137938640635
        ],
        [
            0.0,
            0.34814502178802587,
            0.0,
            0.5225930124715957,
            0.0,
            0.0,
            0.06680766309530277,
            0.0624543026450755
        ],
        [
            0.0,
            0.0,
            0.0,
            0.0,
            0.0,
            0.0,
            0.5168392938529611,
            0.48316070614703877
        ]
    ]
}