{
    "connectivity": [
        [
            1.0,
            1.0,
            1.0,
            0.0,
            0.0,
            0.0,
            0.0,
            0.0
        ],
        [
            0.0,
            1.0,
            0.0,
            1.0,
            0.0,
            0.0,
            1.0,
            0.0
        ],
        [
            1.0,
            0.0,
            1.0,
            0.0,
            0.0,
            0.0,
            1.0,
            0.0
        ],
        [
            1.0,
            0.0,
            1.0,
            1.0,
            0.0,
            1.0,
            0.0,
            0.0
        ],
        [
            0.0,
            1.0,
            1.0,
            0.0,
            1.0,
            0.0,
            1.0,
            0.0
        ],
        [
            0.0,
            0.0,
            1.0,
            0.0,
            0.0,
            1.0,
            0.0,
            1.0
        ],
        [
            0.0,
            0.0,
            0.0,
            1.0,
            0.0,
            0.0,
            1.0,
            0.0
        ],
        [
            1.0,
            0.0,
            0.0,
            0.0,
            0.0,
            0.0,
            1.0,
            1.0
        ]
    ],
    "experiment id": 8,
    "num_agents": 8,
    "pi": [
        [
            0.2549305952375987,
            0.4652395326582041,
            0.2798298721041972,
            0.0,
            0.0,
            0.0,
            0.0,
            0.0
        ],
        [
            0.0,
            0.5343936606800032,
            0.0,
            0.271885037514928,
            0.0,
            0.0,
            0.19372130180506875,
            0.0
        ],
        [
            0.3624195457270885,
            0.0,
            0.39781735508973154,
            0.0,
            0.0,
            0.0,
            0.2397630991831799,
            0.0
        ],
        [
            0.15543483571384273,
            0.0,
            0.17061628149341315,
            0.1443201659715781,
            0.0,
            0.5296287168211661,
            0.0,
            0.0
        ],
        [
            0.0,
            0.0005086468286862909,
            0.0003059382684103475,
            0.0,
            0.999001027001133,
            0.0,
            0.00018438790177028615,
            0.0
        ],
        [
            0.0,
            0.0,
            0.1515730287267671,
            0.0,
            0.0,
            0.47051446677059716,
            0.0,
            0.3779125045026357
        ],
        [
            0.0,
            0.0,
            0.0,
            0.583937576777858,
            0.0,
            0.0,
            0.416062423222142,
            0.0
        ],
        [
            0.22735787766344784,
            0.0,
            0.0,
            0.0,
            0.0,
            0.0,
            0.15041139479090768,
            0.6222307275456446
        ]
    ]
}