{
    "connectivity": [
        [
            1.0,
            1.0,
            0.0,
            1.0,
            0.0,
            0.0,
            1.0,
            0.0
        ],
        [
            0.0,
            1.0,
            0.0,
            1.0,
            0.0,
            1.0,
            0.0,
            0.0
        ],
        [
            1.0,
            0.0,
            1.0,
            0.0,
            0.0,
            1.0,
            0.0,
            1.0
        ],
        [
            1.0,
            0.0,
            0.0,
            1.0,
            0.0,
            0.0,
            0.0,
            0.0
        ],
        [
            1.0,
            1.0,
            0.0,
            0.0,
            1.0,
            1.0,
            0.0,
            1.0
        ],
        [
            1.0,
            0.0,
            0.0,
            1.0,
            1.0,
            1.0,
            0.0,
            1.0
        ],
        [
            0.0,
            1.0,
            1.0,
            0.0,
            1.0,
            0.0,
            1.0,
            1.0
        ],
        [
            1.0,
            0.0,
            0.0,
            1.0,
            0.0,
            1.0,
            0.0,
            1.0
        ]
    ],
    "experiment id": 9,
    "num_agents": 8,
    "pi": [
        [
            0.07171194377259482,
            0.18867187255140297,
            0.0,
            0.06898814515994943,
            0.0,
            0.0,
            0.6706280385160528,
            0.0
        ],
        [
            0.0,
            0.5028333502237153,
            0.0,
            0.18386174731501814,
            0.0,
            0.31330490246126663,
            0.0,
            0.0
        ],
        [
            0.06947949412213686,
            0.0,
            0.6636231015635766,
            0.0,
            0.0,
            0.11389782461609561,
            0.0,
            0.15299957969819103
        ],
        [
            0.5096794487953424,
            0.0,
            0.0,
            0.4903205512046575,
            0.0,
            0.0,
            0.0,
            0.0
        ],
        [
            0.08209168777901711,
            0.21598065314318354,
            0.0,
            0.0,
            0.38658197815670375,
            0.13457300999712873,
            0.0,
            0.18077267092396693
        ],
        [
            0.09512439727078274,
            0.0,
            0.0,
            0.09151133523837547,
            0.4479549472401362,
            0.15593754753040795,
            0.0,
            0.20947177272029763
        ],
        [
            0.0,
            0.09249238900870815,
            0.33578027455424436,
            0.0,
            0.16555135928643355,
            0.0,
            0.3287611904189607,
            0.07741478673165329
        ],
        [
            0.1723127429459299,
            0.0,
            0.0,
            0.1657678748878895,
            0.0,
            0.28247250247207595,
            0.0,
            0.3794468796941045
        ]
    ]
}