{
    "connectivity": [
        [
            1.0,
            1.0,
            0.0,
            0.0,
            0.0,
            1.0,
            0.0,
            0.0,
            1.0
        ],
        [
            0.0,
            1.0,
            0.0,
            0.0,
            1.0,
            1.0,
            0.0,
            0.0,
            0.0
        ],
        [
            1.0,
            1.0,
            1.0,
            1.0,
            0.0,
            0.0,
            1.0,
            0.0,
            0.0
        ],
        [
            1.0,
            1.0,
            0.0,
            1.0,
            1.0,
            0.0,
            1.0,
            0.0,
            0.0
        ],
        [
            0.0,
            0.0,
            1.0,
            1.0,
            1.0,
            0.0,
            1.0,
            0.0,
            0.0
        ],
        [
            1.0,
            0.0,
            0.0,
            0.0,
            0.0,
            1.0,
            0.0,
            1.0,
            0.0
        ],
        [
            1.0,
            0.0,
            0.0,
            1.0,
            1.0,
            0.0,
            1.0,
            0.0,
            1.0
        ],
        [
            0.0,
            0.0,
            0.0,
            1.0,
            0.0,
            0.0,
            1.0,
            1.0,
            1.0
        ],
        [
            1.0,
            1.0,
            1.0,
            1.0,
            0.0,
            0.0,
            0.0,
            0.0,
            1.0
        ]
    ],
    "experiment id": 10,
    "num_agents": 9,
    "pi": [
        [
            0.18835452368726643,
            0.20648357276276488,
            0.0,
            0.0,
            0.0,
            0.31110499594261903,
            0.0,
            0.0,
            0.29405690760734965
        ],
        [
            0.0,
            0.2698281773897608,
            0.0,
            0.0,
            0.32362667759527686,
            0.40654514501496253,
            0.0,
            0.0,
            0.0
        ],
        [
            0.15474372376086346,
            0.16963774651788482,
            0.3236328166739898,
            0.1613560901393253,
            0.0,
            0.0,
            0.19062962290793672,
            0.0,
            0.0
        ],
        [
            0.1758796363897949,
            0.19280798245269848,
            0.0,
            0.18339516313333645,
            0.2312501510354977,
            0.0,
            0.21666706698867244,
            0.0,
            0.0
        ],
        [
            0.0,
            0.0,
            0.36814997157244045,
            0.18355134874246196,
            0.23144709159315888,
            0.0,
            0.21685158809193872,
            0.0,
            0.0
        ],
        [
            0.1712077268586575,
            0.0,
            0.0,
            0.0,
            0.0,
            0.282783647172412,
            0.0,
            0.5460086259689305,
            0.0
        ],
        [
            0.16258456409597055,
            0.0,
            0.0,
            0.16953197804696513,
            0.2137695174665217,
            0.0,
            0.20028879615280878,
            0.0,
            0.2538251442377337
        ],
        [
            0.0,
            0.0,
            0.0,
            0.14843181526646015,
            0.0,
            0.0,
            0.17536060118557442,
            0.4539738353577529,
            0.22223374819021258
        ],
        [
            0.1472411269460814,
            0.161413027700476,
            0.30794179877338973,
            0.15353289926280358,
            0.0,
            0.0,
            0.0,
            0.0,
            0.2298711473172491
        ]
    ]
}