{
    "connectivity": [
        [
            1.0,
            0.0,
            0.0,
            0.0,
            0.0,
            0.0,
            0.0,
            0.0,
            0.0
        ],
        [
            0.0,
            1.0,
            0.0,
            0.0,
            0.0,
            1.0,
            1.0,
            0.0,
            1.0
        ],
        [
            0.0,
            0.0,
            1.0,
            1.0,
            0.0,
            0.0,
            0.0,
            0.0,
            0.0
        ],
        [
            0.0,
            0.0,
            0.0,
            1.0,
            1.0,
            0.0,
            1.0,
            0.0,
            0.0
        ],
        [
            0.0,
            0.0,
            0.0,
            0.0,
            1.0,
            0.0,
            1.0,
            1.0,
            1.0
        ],
        [
            0.0,
            0.0,
            0.0,
            1.0,
            0.0,
            1.0,
            0.0,
            0.0,
            1.0
        ],
        [
            0.0,
            0.0,
            1.0,
            1.0,
            1.0,
            0.0,
            1.0,
            0.0,
            0.0
        ],
        [
            0.0,
            0.0,
            0.0,
            0.0,
            0.0,
            0.0,
            1.0,
            1.0,
            0.0
        ],
        [
            1.0,
            1.0,
            0.0,
            1.0,
            0.0,
            0.0,
            0.0,
            0.0,
            1.0
        ]
    ],
    "experiment id": 3,
    "num_agents": 9,
    "pi": [
        [
            1.0,
            0.0,
            0.0,
            0.0,
            0.0,
            0.0,
            0.0,
            0.0,
            0.0
        ],
        [
            0.0,
            0.3806713369985998,
            0.0,
            0.0,
            0.0,
            0.3802883160727246,
            0.07621317794315337,
            0.0,
            0.1628271689855221
        ],
        [
            0.0,
            0.0,
            0.6622689186005705,
            0.3377310813994296,
            0.0,
            0.0,
            0.0,
            0.0,
            0.0
        ],
        [
            0.0,
            0.0,
            0.0,
            0.25991393751524244,
            0.45975097757815453,
            0.0,
            0.280335084906603,
            0.0,
            0.0
        ],
        [
            0.0,
            0.0,
            0.0,
            0.0,
            0.23558710603325778,
            0.0,
            0.14365022499926558,
            0.3138582714338878,
            0.3069043975335889
        ],
        [
            0.0,
            0.0,
            0.0,
            0.11512553526890441,
            0.0,
            0.6195872321560726,
            0.0,
            0.0,
            0.265287232575023
        ],
        [
            0.0,
            0.0,
            0.33760555965752703,
            0.1721655471776175,
            0.3045364914897865,
            0.0,
            0.18569240167506892,
            0.0,
            0.0
        ],
        [
            0.0,
            0.0,
            0.0,
            0.0,
            0.0,
            0.0,
            0.3139837317103341,
            0.6860162682896658,
            0.0
        ],
        [
            0.0009988879482468681,
            0.6192053414445507,
            0.0,
            0.11493881141749432,
            0.0,
            0.0,
            0.0,
            0.0,
            0.26485695918970814
        ]
    ]
}