{
    "connectivity": [
        [
            1.0,
            1.0,
            1.0,
            0.0,
            0.0,
            1.0,
            1.0,
            0.0,
            1.0
        ],
        [
            0.0,
            1.0,
            0.0,
            0.0,
            1.0,
            0.0,
            1.0,
            0.0,
            0.0
        ],
        [
            0.0,
            1.0,
            1.0,
            1.0,
            0.0,
            1.0,
            1.0,
            0.0,
            0.0
        ],
        [
            1.0,
            0.0,
            0.0,
            1.0,
            0.0,
            0.0,
            1.0,
            1.0,
            0.0
        ],
        [
            1.0,
            0.0,
            0.0,
            1.0,
            1.0,
            0.0,
            1.0,
            0.0,
            1.0
        ],
        [
            0.0,
            0.0,
            0.0,
            1.0,
            1.0,
            1.0,
            0.0,
            1.0,
            1.0
        ],
        [
            1.0,
            0.0,
            0.0,
            0.0,
            0.0,
            1.0,
            1.0,
            1.0,
            0.0
        ],
        [
            0.0,
            1.0,
            0.0,
            0.0,
            0.0,
            1.0,
            1.0,
            1.0,
            0.0
        ],
        [
            0.0,
            1.0,
            0.0,
            1.0,
            0.0,
            1.0,
            0.0,
            1.0,
            1.0
        ]
    ],
    "experiment id": 5,
    "num_agents": 9,
    "pi": [
        [
            0.12805062027861683,
            0.09984008315511528,
            0.4501429245898406,
            0.0,
            0.0,
            0.08866068814296293,
            0.06655066179849586,
            0.0,
            0.16675502203496856
        ],
        [
            0.0,
            0.30622611518177556,
            0.0,
            0.0,
            0.48965195321218663,
            0.0,
            0.20412193160603795,
            0.0,
            0.0
        ],
        [
            0.0,
            0.12182778764255803,
            0.5492775535906733,
            0.1395012329719905,
            0.0,
            0.10818636309169125,
            0.08120706270308685,
            0.0,
            0.0
        ],
        [
            0.3239923509774603,
            0.0,
            0.0,
            0.28926087342805645,
            0.0,
            0.0,
            0.16838579405773604,
            0.21836098153674732,
            0.0
        ],
        [
            0.20155193047251782,
            0.0,
            0.0,
            0.17994587611004229,
            0.25127858400007846,
            0.0,
            0.10475087376012025,
            0.0,
            0.2624727356572412
        ],
        [
            0.0,
            0.0,
            0.0,
            0.18568557308634648,
            0.25929356583780205,
            0.14400336400497418,
            0.0,
            0.14017272199944653,
            0.27084477507143084
        ],
        [
            0.34649087679689017,
            0.0,
            0.0,
            0.0,
            0.0,
            0.23990605828561398,
            0.1800787618818336,
            0.23352430303566238,
            0.0
        ],
        [
            0.0,
            0.2924828320108254,
            0.0,
            0.0,
            0.0,
            0.25973264781634753,
            0.19496103588753314,
            0.25282348428529383,
            0.0
        ],
        [
            0.0,
            0.17960667563098193,
            0.0,
            0.20566205120653253,
            0.0,
            0.1594955748561686,
            0.0,
            0.15525282363322693,
            0.2999828746730901
        ]
    ]
}